{
    "intrinsic":[
                    [1303.396878, 0.000000, 797.399150],
                    [0.000000, 1302.910780, 628.089080],
                    [0.000000, 0.000000, 1.000000]
                ],
    "distortion":[0.037412, -0.056145, 0.000407, -0.001314],
    "extrinsic":[
                    [0.030836, 0.998117, -0.053031, 96.731540],
                    [0.999500, -0.030416, 0.008693, 65.238235],
                    [0.007064, -0.053273, -0.998555, 240.166494],
                    [0.000000, 0.000000, 0.000000, 1.000000]
                ]
}